103.202.52.0/32,GB,GB-LND,London,E14 9GE
103.202.52.1/32,GB,GB-LND,London,E14 9GE
103.202.52.2/32,GB,GB-LND,London,E14 9GE
103.202.52.3/32,GB,GB-LND,London,E14 9GE
103.202.52.4/32,GB,GB-LND,London,E14 9GE
103.202.52.5/32,GB,GB-LND,London,E14 9GE
103.202.52.6/32,GB,GB-LND,London,E14 9GE
103.202.52.7/32,GB,GB-LND,London,E14 9GE
103.202.52.8/32,GB,GB-LND,London,E14 9GE
103.202.52.9/32,GB,GB-LND,London,E14 9GE
103.202.52.10/32,GB,GB-LND,London,E14 9GE
103.202.52.11/32,GB,GB-LND,London,E14 9GE
103.202.52.12/32,GB,GB-LND,London,E14 9GE
103.202.52.13/32,GB,GB-LND,London,E14 9GE
103.202.52.14/32,GB,GB-LND,London,E14 9GE
103.202.52.15/32,GB,GB-LND,London,E14 9GE
103.202.52.16/32,GB,GB-LND,London,E14 9GE
103.202.52.17/32,GB,GB-LND,London,E14 9GE
103.202.52.18/32,GB,GB-LND,London,E14 9GE
103.202.52.19/32,GB,GB-LND,London,E14 9GE
103.202.52.20/32,GB,GB-LND,London,E14 9GE
103.202.52.21/32,GB,GB-LND,London,E14 9GE
103.202.52.22/32,GB,GB-LND,London,E14 9GE
103.202.52.23/32,GB,GB-LND,London,E14 9GE
103.202.52.24/32,GB,GB-LND,London,E14 9GE
103.202.52.25/32,GB,GB-LND,London,E14 9GE
103.202.52.26/32,GB,GB-LND,London,E14 9GE
103.202.52.27/32,GB,GB-LND,London,E14 9GE
103.202.52.28/32,GB,GB-LND,London,E14 9GE
103.202.52.29/32,GB,GB-LND,London,E14 9GE
103.202.52.30/32,GB,GB-LND,London,E14 9GE
103.202.52.31/32,GB,GB-LND,London,E14 9GE
103.202.52.32/32,GB,GB-LND,London,E14 9GE
103.202.52.33/32,GB,GB-LND,London,E14 9GE
103.202.52.34/32,GB,GB-LND,London,E14 9GE
103.202.52.35/32,GB,GB-LND,London,E14 9GE
103.202.52.36/32,GB,GB-LND,London,E14 9GE
103.202.52.37/32,GB,GB-LND,London,E14 9GE
103.202.52.38/32,GB,GB-LND,London,E14 9GE
103.202.52.39/32,GB,GB-LND,London,E14 9GE
103.202.52.40/32,GB,GB-LND,London,E14 9GE
103.202.52.41/32,GB,GB-LND,London,E14 9GE
103.202.52.42/32,GB,GB-LND,London,E14 9GE
103.202.52.43/32,GB,GB-LND,London,E14 9GE
103.202.52.44/32,GB,GB-LND,London,E14 9GE
103.202.52.45/32,GB,GB-LND,London,E14 9GE
103.202.52.46/32,GB,GB-LND,London,E14 9GE
103.202.52.47/32,GB,GB-LND,London,E14 9GE
103.202.52.48/32,GB,GB-LND,London,E14 9GE
103.202.52.49/32,GB,GB-LND,London,E14 9GE
103.202.52.50/32,GB,GB-LND,London,E14 9GE
103.202.52.51/32,GB,GB-LND,London,E14 9GE
103.202.52.52/32,GB,GB-LND,London,E14 9GE
103.202.52.53/32,GB,GB-LND,London,E14 9GE
103.202.52.54/32,GB,GB-LND,London,E14 9GE
103.202.52.55/32,GB,GB-LND,London,E14 9GE
103.202.52.56/32,GB,GB-LND,London,E14 9GE
103.202.52.57/32,GB,GB-LND,London,E14 9GE
103.202.52.58/32,GB,GB-LND,London,E14 9GE
103.202.52.59/32,GB,GB-LND,London,E14 9GE
103.202.52.60/32,GB,GB-LND,London,E14 9GE
103.202.52.61/32,GB,GB-LND,London,E14 9GE
103.202.52.62/32,GB,GB-LND,London,E14 9GE
103.202.52.63/32,GB,GB-LND,London,E14 9GE
103.202.52.64/32,GB,GB-LND,London,E14 9GE
103.202.52.65/32,GB,GB-LND,London,E14 9GE
103.202.52.66/32,GB,GB-LND,London,E14 9GE
103.202.52.67/32,GB,GB-LND,London,E14 9GE
103.202.52.68/32,GB,GB-LND,London,E14 9GE
103.202.52.69/32,GB,GB-LND,London,E14 9GE
103.202.52.70/32,GB,GB-LND,London,E14 9GE
103.202.52.71/32,GB,GB-LND,London,E14 9GE
103.202.52.72/32,GB,GB-LND,London,E14 9GE
103.202.52.73/32,GB,GB-LND,London,E14 9GE
103.202.52.74/32,GB,GB-LND,London,E14 9GE
103.202.52.75/32,GB,GB-LND,London,E14 9GE
103.202.52.76/32,GB,GB-LND,London,E14 9GE
103.202.52.77/32,GB,GB-LND,London,E14 9GE
103.202.52.78/32,GB,GB-LND,London,E14 9GE
103.202.52.79/32,GB,GB-LND,London,E14 9GE
103.202.52.80/32,GB,GB-LND,London,E14 9GE
103.202.52.81/32,GB,GB-LND,London,E14 9GE
103.202.52.82/32,GB,GB-LND,London,E14 9GE
103.202.52.83/32,GB,GB-LND,London,E14 9GE
103.202.52.84/32,GB,GB-LND,London,E14 9GE
103.202.52.85/32,GB,GB-LND,London,E14 9GE
103.202.52.86/32,GB,GB-LND,London,E14 9GE
103.202.52.87/32,GB,GB-LND,London,E14 9GE
103.202.52.88/32,GB,GB-LND,London,E14 9GE
103.202.52.89/32,GB,GB-LND,London,E14 9GE
103.202.52.90/32,GB,GB-LND,London,E14 9GE
103.202.52.91/32,GB,GB-LND,London,E14 9GE
103.202.52.92/32,GB,GB-LND,London,E14 9GE
103.202.52.93/32,GB,GB-LND,London,E14 9GE
103.202.52.94/32,GB,GB-LND,London,E14 9GE
103.202.52.95/32,GB,GB-LND,London,E14 9GE
103.202.52.96/32,GB,GB-LND,London,E14 9GE
103.202.52.97/32,GB,GB-LND,London,E14 9GE
103.202.52.98/32,GB,GB-LND,London,E14 9GE
103.202.52.99/32,GB,GB-LND,London,E14 9GE
103.202.52.100/32,GB,GB-LND,London,E14 9GE
103.202.52.101/32,GB,GB-LND,London,E14 9GE
103.202.52.102/32,GB,GB-LND,London,E14 9GE
103.202.52.103/32,GB,GB-LND,London,E14 9GE
103.202.52.104/32,GB,GB-LND,London,E14 9GE
103.202.52.105/32,GB,GB-LND,London,E14 9GE
103.202.52.106/32,GB,GB-LND,London,E14 9GE
103.202.52.107/32,GB,GB-LND,London,E14 9GE
103.202.52.108/32,GB,GB-LND,London,E14 9GE
103.202.52.109/32,GB,GB-LND,London,E14 9GE
103.202.52.110/32,GB,GB-LND,London,E14 9GE
103.202.52.111/32,GB,GB-LND,London,E14 9GE
103.202.52.112/32,GB,GB-LND,London,E14 9GE
103.202.52.113/32,GB,GB-LND,London,E14 9GE
103.202.52.114/32,GB,GB-LND,London,E14 9GE
103.202.52.115/32,GB,GB-LND,London,E14 9GE
103.202.52.116/32,GB,GB-LND,London,E14 9GE
103.202.52.117/32,GB,GB-LND,London,E14 9GE
103.202.52.118/32,GB,GB-LND,London,E14 9GE
103.202.52.119/32,GB,GB-LND,London,E14 9GE
103.202.52.120/32,GB,GB-LND,London,E14 9GE
103.202.52.121/32,GB,GB-LND,London,E14 9GE
103.202.52.122/32,GB,GB-LND,London,E14 9GE
103.202.52.123/32,GB,GB-LND,London,E14 9GE
103.202.52.124/32,GB,GB-LND,London,E14 9GE
103.202.52.125/32,GB,GB-LND,London,E14 9GE
103.202.52.126/32,GB,GB-LND,London,E14 9GE
103.202.52.127/32,GB,GB-LND,London,E14 9GE
103.202.52.128/32,GB,GB-LND,London,E14 9GE
103.202.52.129/32,GB,GB-LND,London,E14 9GE
103.202.52.130/32,GB,GB-LND,London,E14 9GE
103.202.52.131/32,GB,GB-LND,London,E14 9GE
103.202.52.132/32,GB,GB-LND,London,E14 9GE
103.202.52.133/32,GB,GB-LND,London,E14 9GE
103.202.52.134/32,GB,GB-LND,London,E14 9GE
103.202.52.135/32,GB,GB-LND,London,E14 9GE
103.202.52.136/32,GB,GB-LND,London,E14 9GE
103.202.52.137/32,GB,GB-LND,London,E14 9GE
103.202.52.138/32,GB,GB-LND,London,E14 9GE
103.202.52.139/32,GB,GB-LND,London,E14 9GE
103.202.52.140/32,GB,GB-LND,London,E14 9GE
103.202.52.141/32,GB,GB-LND,London,E14 9GE
103.202.52.142/32,GB,GB-LND,London,E14 9GE
103.202.52.143/32,GB,GB-LND,London,E14 9GE
103.202.52.144/32,GB,GB-LND,London,E14 9GE
103.202.52.145/32,GB,GB-LND,London,E14 9GE
103.202.52.146/32,GB,GB-LND,London,E14 9GE
103.202.52.147/32,GB,GB-LND,London,E14 9GE
103.202.52.148/32,GB,GB-LND,London,E14 9GE
103.202.52.149/32,GB,GB-LND,London,E14 9GE
103.202.52.150/32,GB,GB-LND,London,E14 9GE
103.202.52.151/32,GB,GB-LND,London,E14 9GE
103.202.52.152/32,GB,GB-LND,London,E14 9GE
103.202.52.153/32,GB,GB-LND,London,E14 9GE
103.202.52.154/32,GB,GB-LND,London,E14 9GE
103.202.52.155/32,GB,GB-LND,London,E14 9GE
103.202.52.156/32,GB,GB-LND,London,E14 9GE
103.202.52.157/32,GB,GB-LND,London,E14 9GE
103.202.52.158/32,GB,GB-LND,London,E14 9GE
103.202.52.159/32,GB,GB-LND,London,E14 9GE
103.202.52.160/32,GB,GB-LND,London,E14 9GE
103.202.52.161/32,GB,GB-LND,London,E14 9GE
103.202.52.162/32,GB,GB-LND,London,E14 9GE
103.202.52.163/32,GB,GB-LND,London,E14 9GE
103.202.52.164/32,GB,GB-LND,London,E14 9GE
103.202.52.165/32,GB,GB-LND,London,E14 9GE
103.202.52.166/32,GB,GB-LND,London,E14 9GE
103.202.52.167/32,GB,GB-LND,London,E14 9GE
103.202.52.168/32,GB,GB-LND,London,E14 9GE
103.202.52.169/32,GB,GB-LND,London,E14 9GE
103.202.52.170/32,GB,GB-LND,London,E14 9GE
103.202.52.171/32,GB,GB-LND,London,E14 9GE
103.202.52.172/32,GB,GB-LND,London,E14 9GE
103.202.52.173/32,GB,GB-LND,London,E14 9GE
103.202.52.174/32,GB,GB-LND,London,E14 9GE
103.202.52.175/32,GB,GB-LND,London,E14 9GE
103.202.52.176/32,GB,GB-LND,London,E14 9GE
103.202.52.177/32,GB,GB-LND,London,E14 9GE
103.202.52.178/32,GB,GB-LND,London,E14 9GE
103.202.52.179/32,GB,GB-LND,London,E14 9GE
103.202.52.180/32,GB,GB-LND,London,E14 9GE
103.202.52.181/32,GB,GB-LND,London,E14 9GE
103.202.52.182/32,GB,GB-LND,London,E14 9GE
103.202.52.183/32,GB,GB-LND,London,E14 9GE
103.202.52.184/32,GB,GB-LND,London,E14 9GE
103.202.52.185/32,GB,GB-LND,London,E14 9GE
103.202.52.186/32,GB,GB-LND,London,E14 9GE
103.202.52.187/32,GB,GB-LND,London,E14 9GE
103.202.52.188/32,GB,GB-LND,London,E14 9GE
103.202.52.189/32,GB,GB-LND,London,E14 9GE
103.202.52.190/32,GB,GB-LND,London,E14 9GE
103.202.52.191/32,GB,GB-LND,London,E14 9GE
103.202.52.192/32,GB,GB-LND,London,E14 9GE
103.202.52.193/32,GB,GB-LND,London,E14 9GE
103.202.52.194/32,GB,GB-LND,London,E14 9GE
103.202.52.195/32,GB,GB-LND,London,E14 9GE
103.202.52.196/32,GB,GB-LND,London,E14 9GE
103.202.52.197/32,GB,GB-LND,London,E14 9GE
103.202.52.198/32,GB,GB-LND,London,E14 9GE
103.202.52.199/32,GB,GB-LND,London,E14 9GE
103.202.52.200/32,GB,GB-LND,London,E14 9GE
103.202.52.201/32,GB,GB-LND,London,E14 9GE
103.202.52.202/32,GB,GB-LND,London,E14 9GE
103.202.52.203/32,GB,GB-LND,London,E14 9GE
103.202.52.204/32,GB,GB-LND,London,E14 9GE
103.202.52.205/32,GB,GB-LND,London,E14 9GE
103.202.52.206/32,GB,GB-LND,London,E14 9GE
103.202.52.207/32,GB,GB-LND,London,E14 9GE
103.202.52.208/32,GB,GB-LND,London,E14 9GE
103.202.52.209/32,GB,GB-LND,London,E14 9GE
103.202.52.210/32,GB,GB-LND,London,E14 9GE
103.202.52.211/32,GB,GB-LND,London,E14 9GE
103.202.52.212/32,GB,GB-LND,London,E14 9GE
103.202.52.213/32,GB,GB-LND,London,E14 9GE
103.202.52.214/32,GB,GB-LND,London,E14 9GE
103.202.52.215/32,GB,GB-LND,London,E14 9GE
103.202.52.216/32,GB,GB-LND,London,E14 9GE
103.202.52.217/32,GB,GB-LND,London,E14 9GE
103.202.52.218/32,GB,GB-LND,London,E14 9GE
103.202.52.219/32,GB,GB-LND,London,E14 9GE
103.202.52.220/32,GB,GB-LND,London,E14 9GE
103.202.52.221/32,GB,GB-LND,London,E14 9GE
103.202.52.222/32,GB,GB-LND,London,E14 9GE
103.202.52.223/32,GB,GB-LND,London,E14 9GE
103.202.52.224/32,GB,GB-LND,London,E14 9GE
103.202.52.225/32,GB,GB-LND,London,E14 9GE
103.202.52.226/32,GB,GB-LND,London,E14 9GE
103.202.52.227/32,GB,GB-LND,London,E14 9GE
103.202.52.228/32,GB,GB-LND,London,E14 9GE
103.202.52.229/32,GB,GB-LND,London,E14 9GE
103.202.52.230/32,GB,GB-LND,London,E14 9GE
103.202.52.231/32,GB,GB-LND,London,E14 9GE
103.202.52.232/32,GB,GB-LND,London,E14 9GE
103.202.52.233/32,GB,GB-LND,London,E14 9GE
103.202.52.234/32,GB,GB-LND,London,E14 9GE
103.202.52.235/32,GB,GB-LND,London,E14 9GE
103.202.52.236/32,GB,GB-LND,London,E14 9GE
103.202.52.237/32,GB,GB-LND,London,E14 9GE
103.202.52.238/32,GB,GB-LND,London,E14 9GE
103.202.52.239/32,GB,GB-LND,London,E14 9GE
103.202.52.240/32,GB,GB-LND,London,E14 9GE
103.202.52.241/32,GB,GB-LND,London,E14 9GE
103.202.52.242/32,GB,GB-LND,London,E14 9GE
103.202.52.243/32,GB,GB-LND,London,E14 9GE
103.202.52.244/32,GB,GB-LND,London,E14 9GE
103.202.52.245/32,GB,GB-LND,London,E14 9GE
103.202.52.246/32,GB,GB-LND,London,E14 9GE
103.202.52.247/32,GB,GB-LND,London,E14 9GE
103.202.52.248/32,GB,GB-LND,London,E14 9GE
103.202.52.249/32,GB,GB-LND,London,E14 9GE
103.202.52.250/32,GB,GB-LND,London,E14 9GE
103.202.52.251/32,GB,GB-LND,London,E14 9GE
103.202.52.252/32,GB,GB-LND,London,E14 9GE
103.202.52.253/32,GB,GB-LND,London,E14 9GE
103.202.52.254/32,GB,GB-LND,London,E14 9GE
103.202.52.255/32,GB,GB-LND,London,E14 9GE
103.202.53.0/32,GB,GB-LND,London,E14 9GE
103.202.53.1/32,GB,GB-LND,London,E14 9GE
103.202.53.2/32,GB,GB-LND,London,E14 9GE
103.202.53.3/32,GB,GB-LND,London,E14 9GE
103.202.53.4/32,GB,GB-LND,London,E14 9GE
103.202.53.5/32,GB,GB-LND,London,E14 9GE
103.202.53.6/32,GB,GB-LND,London,E14 9GE
103.202.53.7/32,GB,GB-LND,London,E14 9GE
103.202.53.8/32,GB,GB-LND,London,E14 9GE
103.202.53.9/32,GB,GB-LND,London,E14 9GE
103.202.53.10/32,GB,GB-LND,London,E14 9GE
103.202.53.11/32,GB,GB-LND,London,E14 9GE
103.202.53.12/32,GB,GB-LND,London,E14 9GE
103.202.53.13/32,GB,GB-LND,London,E14 9GE
103.202.53.14/32,GB,GB-LND,London,E14 9GE
103.202.53.15/32,GB,GB-LND,London,E14 9GE
103.202.53.16/32,GB,GB-LND,London,E14 9GE
103.202.53.17/32,GB,GB-LND,London,E14 9GE
103.202.53.18/32,GB,GB-LND,London,E14 9GE
103.202.53.19/32,GB,GB-LND,London,E14 9GE
103.202.53.20/32,GB,GB-LND,London,E14 9GE
103.202.53.21/32,GB,GB-LND,London,E14 9GE
103.202.53.22/32,GB,GB-LND,London,E14 9GE
103.202.53.23/32,GB,GB-LND,London,E14 9GE
103.202.53.24/32,GB,GB-LND,London,E14 9GE
103.202.53.25/32,GB,GB-LND,London,E14 9GE
103.202.53.26/32,GB,GB-LND,London,E14 9GE
103.202.53.27/32,GB,GB-LND,London,E14 9GE
103.202.53.28/32,GB,GB-LND,London,E14 9GE
103.202.53.29/32,GB,GB-LND,London,E14 9GE
103.202.53.30/32,GB,GB-LND,London,E14 9GE
103.202.53.31/32,GB,GB-LND,London,E14 9GE
103.202.53.32/32,GB,GB-LND,London,E14 9GE
103.202.53.33/32,GB,GB-LND,London,E14 9GE
103.202.53.34/32,GB,GB-LND,London,E14 9GE
103.202.53.35/32,GB,GB-LND,London,E14 9GE
103.202.53.36/32,GB,GB-LND,London,E14 9GE
103.202.53.37/32,GB,GB-LND,London,E14 9GE
103.202.53.38/32,GB,GB-LND,London,E14 9GE
103.202.53.39/32,GB,GB-LND,London,E14 9GE
103.202.53.40/32,GB,GB-LND,London,E14 9GE
103.202.53.41/32,GB,GB-LND,London,E14 9GE
103.202.53.42/32,GB,GB-LND,London,E14 9GE
103.202.53.43/32,GB,GB-LND,London,E14 9GE
103.202.53.44/32,GB,GB-LND,London,E14 9GE
103.202.53.45/32,GB,GB-LND,London,E14 9GE
103.202.53.46/32,GB,GB-LND,London,E14 9GE
103.202.53.47/32,GB,GB-LND,London,E14 9GE
103.202.53.48/32,GB,GB-LND,London,E14 9GE
103.202.53.49/32,GB,GB-LND,London,E14 9GE
103.202.53.50/32,GB,GB-LND,London,E14 9GE
103.202.53.51/32,GB,GB-LND,London,E14 9GE
103.202.53.52/32,GB,GB-LND,London,E14 9GE
103.202.53.53/32,GB,GB-LND,London,E14 9GE
103.202.53.54/32,GB,GB-LND,London,E14 9GE
103.202.53.55/32,GB,GB-LND,London,E14 9GE
103.202.53.56/32,GB,GB-LND,London,E14 9GE
103.202.53.57/32,GB,GB-LND,London,E14 9GE
103.202.53.58/32,GB,GB-LND,London,E14 9GE
103.202.53.59/32,GB,GB-LND,London,E14 9GE
103.202.53.60/32,GB,GB-LND,London,E14 9GE
103.202.53.61/32,GB,GB-LND,London,E14 9GE
103.202.53.62/32,GB,GB-LND,London,E14 9GE
103.202.53.63/32,GB,GB-LND,London,E14 9GE
103.202.53.64/32,GB,GB-LND,London,E14 9GE
103.202.53.65/32,GB,GB-LND,London,E14 9GE
103.202.53.66/32,GB,GB-LND,London,E14 9GE
103.202.53.67/32,GB,GB-LND,London,E14 9GE
103.202.53.68/32,GB,GB-LND,London,E14 9GE
103.202.53.69/32,GB,GB-LND,London,E14 9GE
103.202.53.70/32,GB,GB-LND,London,E14 9GE
103.202.53.71/32,GB,GB-LND,London,E14 9GE
103.202.53.72/32,GB,GB-LND,London,E14 9GE
103.202.53.73/32,GB,GB-LND,London,E14 9GE
103.202.53.74/32,GB,GB-LND,London,E14 9GE
103.202.53.75/32,GB,GB-LND,London,E14 9GE
103.202.53.76/32,GB,GB-LND,London,E14 9GE
103.202.53.77/32,GB,GB-LND,London,E14 9GE
103.202.53.78/32,GB,GB-LND,London,E14 9GE
103.202.53.79/32,GB,GB-LND,London,E14 9GE
103.202.53.80/32,GB,GB-LND,London,E14 9GE
103.202.53.81/32,GB,GB-LND,London,E14 9GE
103.202.53.82/32,GB,GB-LND,London,E14 9GE
103.202.53.83/32,GB,GB-LND,London,E14 9GE
103.202.53.84/32,GB,GB-LND,London,E14 9GE
103.202.53.85/32,GB,GB-LND,London,E14 9GE
103.202.53.86/32,GB,GB-LND,London,E14 9GE
103.202.53.87/32,GB,GB-LND,London,E14 9GE
103.202.53.88/32,GB,GB-LND,London,E14 9GE
103.202.53.89/32,GB,GB-LND,London,E14 9GE
103.202.53.90/32,GB,GB-LND,London,E14 9GE
103.202.53.91/32,GB,GB-LND,London,E14 9GE
103.202.53.92/32,GB,GB-LND,London,E14 9GE
103.202.53.93/32,GB,GB-LND,London,E14 9GE
103.202.53.94/32,GB,GB-LND,London,E14 9GE
103.202.53.95/32,GB,GB-LND,London,E14 9GE
103.202.53.96/32,GB,GB-LND,London,E14 9GE
103.202.53.97/32,GB,GB-LND,London,E14 9GE
103.202.53.98/32,GB,GB-LND,London,E14 9GE
103.202.53.99/32,GB,GB-LND,London,E14 9GE
103.202.53.100/32,GB,GB-LND,London,E14 9GE
103.202.53.101/32,GB,GB-LND,London,E14 9GE
103.202.53.102/32,GB,GB-LND,London,E14 9GE
103.202.53.103/32,GB,GB-LND,London,E14 9GE
103.202.53.104/32,GB,GB-LND,London,E14 9GE
103.202.53.105/32,GB,GB-LND,London,E14 9GE
103.202.53.106/32,GB,GB-LND,London,E14 9GE
103.202.53.107/32,GB,GB-LND,London,E14 9GE
103.202.53.108/32,GB,GB-LND,London,E14 9GE
103.202.53.109/32,GB,GB-LND,London,E14 9GE
103.202.53.110/32,GB,GB-LND,London,E14 9GE
103.202.53.111/32,GB,GB-LND,London,E14 9GE
103.202.53.112/32,GB,GB-LND,London,E14 9GE
103.202.53.113/32,GB,GB-LND,London,E14 9GE
103.202.53.114/32,GB,GB-LND,London,E14 9GE
103.202.53.115/32,GB,GB-LND,London,E14 9GE
103.202.53.116/32,GB,GB-LND,London,E14 9GE
103.202.53.117/32,GB,GB-LND,London,E14 9GE
103.202.53.118/32,GB,GB-LND,London,E14 9GE
103.202.53.119/32,GB,GB-LND,London,E14 9GE
103.202.53.120/32,GB,GB-LND,London,E14 9GE
103.202.53.121/32,GB,GB-LND,London,E14 9GE
103.202.53.122/32,GB,GB-LND,London,E14 9GE
103.202.53.123/32,GB,GB-LND,London,E14 9GE
103.202.53.124/32,GB,GB-LND,London,E14 9GE
103.202.53.125/32,GB,GB-LND,London,E14 9GE
103.202.53.126/32,GB,GB-LND,London,E14 9GE
103.202.53.127/32,GB,GB-LND,London,E14 9GE
103.202.53.128/32,GB,GB-LND,London,E14 9GE
103.202.53.129/32,GB,GB-LND,London,E14 9GE
103.202.53.130/32,GB,GB-LND,London,E14 9GE
103.202.53.131/32,GB,GB-LND,London,E14 9GE
103.202.53.132/32,GB,GB-LND,London,E14 9GE
103.202.53.133/32,GB,GB-LND,London,E14 9GE
103.202.53.134/32,GB,GB-LND,London,E14 9GE
103.202.53.135/32,GB,GB-LND,London,E14 9GE
103.202.53.136/32,GB,GB-LND,London,E14 9GE
103.202.53.137/32,GB,GB-LND,London,E14 9GE
103.202.53.138/32,GB,GB-LND,London,E14 9GE
103.202.53.139/32,GB,GB-LND,London,E14 9GE
103.202.53.140/32,GB,GB-LND,London,E14 9GE
103.202.53.141/32,GB,GB-LND,London,E14 9GE
103.202.53.142/32,GB,GB-LND,London,E14 9GE
103.202.53.143/32,GB,GB-LND,London,E14 9GE
103.202.53.144/32,GB,GB-LND,London,E14 9GE
103.202.53.145/32,GB,GB-LND,London,E14 9GE
103.202.53.146/32,GB,GB-LND,London,E14 9GE
103.202.53.147/32,GB,GB-LND,London,E14 9GE
103.202.53.148/32,GB,GB-LND,London,E14 9GE
103.202.53.149/32,GB,GB-LND,London,E14 9GE
103.202.53.150/32,GB,GB-LND,London,E14 9GE
103.202.53.151/32,GB,GB-LND,London,E14 9GE
103.202.53.152/32,GB,GB-LND,London,E14 9GE
103.202.53.153/32,GB,GB-LND,London,E14 9GE
103.202.53.154/32,GB,GB-LND,London,E14 9GE
103.202.53.155/32,GB,GB-LND,London,E14 9GE
103.202.53.156/32,GB,GB-LND,London,E14 9GE
103.202.53.157/32,GB,GB-LND,London,E14 9GE
103.202.53.158/32,GB,GB-LND,London,E14 9GE
103.202.53.159/32,GB,GB-LND,London,E14 9GE
103.202.53.160/32,GB,GB-LND,London,E14 9GE
103.202.53.161/32,GB,GB-LND,London,E14 9GE
103.202.53.162/32,GB,GB-LND,London,E14 9GE
103.202.53.163/32,GB,GB-LND,London,E14 9GE
103.202.53.164/32,GB,GB-LND,London,E14 9GE
103.202.53.165/32,GB,GB-LND,London,E14 9GE
103.202.53.166/32,GB,GB-LND,London,E14 9GE
103.202.53.167/32,GB,GB-LND,London,E14 9GE
103.202.53.168/32,GB,GB-LND,London,E14 9GE
103.202.53.169/32,GB,GB-LND,London,E14 9GE
103.202.53.170/32,GB,GB-LND,London,E14 9GE
103.202.53.171/32,GB,GB-LND,London,E14 9GE
103.202.53.172/32,GB,GB-LND,London,E14 9GE
103.202.53.173/32,GB,GB-LND,London,E14 9GE
103.202.53.174/32,GB,GB-LND,London,E14 9GE
103.202.53.175/32,GB,GB-LND,London,E14 9GE
103.202.53.176/32,GB,GB-LND,London,E14 9GE
103.202.53.177/32,GB,GB-LND,London,E14 9GE
103.202.53.178/32,GB,GB-LND,London,E14 9GE
103.202.53.179/32,GB,GB-LND,London,E14 9GE
103.202.53.180/32,GB,GB-LND,London,E14 9GE
103.202.53.181/32,GB,GB-LND,London,E14 9GE
103.202.53.182/32,GB,GB-LND,London,E14 9GE
103.202.53.183/32,GB,GB-LND,London,E14 9GE
103.202.53.184/32,GB,GB-LND,London,E14 9GE
103.202.53.185/32,GB,GB-LND,London,E14 9GE
103.202.53.186/32,GB,GB-LND,London,E14 9GE
103.202.53.187/32,GB,GB-LND,London,E14 9GE
103.202.53.188/32,GB,GB-LND,London,E14 9GE
103.202.53.189/32,GB,GB-LND,London,E14 9GE
103.202.53.190/32,GB,GB-LND,London,E14 9GE
103.202.53.191/32,GB,GB-LND,London,E14 9GE
103.202.53.192/32,GB,GB-LND,London,E14 9GE
103.202.53.193/32,GB,GB-LND,London,E14 9GE
103.202.53.194/32,GB,GB-LND,London,E14 9GE
103.202.53.195/32,GB,GB-LND,London,E14 9GE
103.202.53.196/32,GB,GB-LND,London,E14 9GE
103.202.53.197/32,GB,GB-LND,London,E14 9GE
103.202.53.198/32,GB,GB-LND,London,E14 9GE
103.202.53.199/32,GB,GB-LND,London,E14 9GE
103.202.53.200/32,GB,GB-LND,London,E14 9GE
103.202.53.201/32,GB,GB-LND,London,E14 9GE
103.202.53.202/32,GB,GB-LND,London,E14 9GE
103.202.53.203/32,GB,GB-LND,London,E14 9GE
103.202.53.204/32,GB,GB-LND,London,E14 9GE
103.202.53.205/32,GB,GB-LND,London,E14 9GE
103.202.53.206/32,GB,GB-LND,London,E14 9GE
103.202.53.207/32,GB,GB-LND,London,E14 9GE
103.202.53.208/32,GB,GB-LND,London,E14 9GE
103.202.53.209/32,GB,GB-LND,London,E14 9GE
103.202.53.210/32,GB,GB-LND,London,E14 9GE
103.202.53.211/32,GB,GB-LND,London,E14 9GE
103.202.53.212/32,GB,GB-LND,London,E14 9GE
103.202.53.213/32,GB,GB-LND,London,E14 9GE
103.202.53.214/32,GB,GB-LND,London,E14 9GE
103.202.53.215/32,GB,GB-LND,London,E14 9GE
103.202.53.216/32,GB,GB-LND,London,E14 9GE
103.202.53.217/32,GB,GB-LND,London,E14 9GE
103.202.53.218/32,GB,GB-LND,London,E14 9GE
103.202.53.219/32,GB,GB-LND,London,E14 9GE
103.202.53.220/32,GB,GB-LND,London,E14 9GE
103.202.53.221/32,GB,GB-LND,London,E14 9GE
103.202.53.222/32,GB,GB-LND,London,E14 9GE
103.202.53.223/32,GB,GB-LND,London,E14 9GE
103.202.53.224/32,GB,GB-LND,London,E14 9GE
103.202.53.225/32,GB,GB-LND,London,E14 9GE
103.202.53.226/32,GB,GB-LND,London,E14 9GE
103.202.53.227/32,GB,GB-LND,London,E14 9GE
103.202.53.228/32,GB,GB-LND,London,E14 9GE
103.202.53.229/32,GB,GB-LND,London,E14 9GE
103.202.53.230/32,GB,GB-LND,London,E14 9GE
103.202.53.231/32,GB,GB-LND,London,E14 9GE
103.202.53.232/32,GB,GB-LND,London,E14 9GE
103.202.53.233/32,GB,GB-LND,London,E14 9GE
103.202.53.234/32,GB,GB-LND,London,E14 9GE
103.202.53.235/32,GB,GB-LND,London,E14 9GE
103.202.53.236/32,GB,GB-LND,London,E14 9GE
103.202.53.237/32,GB,GB-LND,London,E14 9GE
103.202.53.238/32,GB,GB-LND,London,E14 9GE
103.202.53.239/32,GB,GB-LND,London,E14 9GE
103.202.53.240/32,GB,GB-LND,London,E14 9GE
103.202.53.241/32,GB,GB-LND,London,E14 9GE
103.202.53.242/32,GB,GB-LND,London,E14 9GE
103.202.53.243/32,GB,GB-LND,London,E14 9GE
103.202.53.244/32,GB,GB-LND,London,E14 9GE
103.202.53.245/32,GB,GB-LND,London,E14 9GE
103.202.53.246/32,GB,GB-LND,London,E14 9GE
103.202.53.247/32,GB,GB-LND,London,E14 9GE
103.202.53.248/32,GB,GB-LND,London,E14 9GE
103.202.53.249/32,GB,GB-LND,London,E14 9GE
103.202.53.250/32,GB,GB-LND,London,E14 9GE
103.202.53.251/32,GB,GB-LND,London,E14 9GE
103.202.53.252/32,GB,GB-LND,London,E14 9GE
103.202.53.253/32,GB,GB-LND,London,E14 9GE
103.202.53.254/32,GB,GB-LND,London,E14 9GE
103.202.53.255/32,GB,GB-LND,London,E14 9GE
103.202.54.0/32,GB,GB-LND,London,E14 9GE
103.202.54.1/32,GB,GB-LND,London,E14 9GE
103.202.54.2/32,GB,GB-LND,London,E14 9GE
103.202.54.3/32,GB,GB-LND,London,E14 9GE
103.202.54.4/32,GB,GB-LND,London,E14 9GE
103.202.54.5/32,GB,GB-LND,London,E14 9GE
103.202.54.6/32,GB,GB-LND,London,E14 9GE
103.202.54.7/32,GB,GB-LND,London,E14 9GE
103.202.54.8/32,GB,GB-LND,London,E14 9GE
103.202.54.9/32,GB,GB-LND,London,E14 9GE
103.202.54.10/32,GB,GB-LND,London,E14 9GE
103.202.54.11/32,GB,GB-LND,London,E14 9GE
103.202.54.12/32,GB,GB-LND,London,E14 9GE
103.202.54.13/32,GB,GB-LND,London,E14 9GE
103.202.54.14/32,GB,GB-LND,London,E14 9GE
103.202.54.15/32,GB,GB-LND,London,E14 9GE
103.202.54.16/32,GB,GB-LND,London,E14 9GE
103.202.54.17/32,GB,GB-LND,London,E14 9GE
103.202.54.18/32,GB,GB-LND,London,E14 9GE
103.202.54.19/32,GB,GB-LND,London,E14 9GE
103.202.54.20/32,GB,GB-LND,London,E14 9GE
103.202.54.21/32,GB,GB-LND,London,E14 9GE
103.202.54.22/32,GB,GB-LND,London,E14 9GE
103.202.54.23/32,GB,GB-LND,London,E14 9GE
103.202.54.24/32,GB,GB-LND,London,E14 9GE
103.202.54.25/32,GB,GB-LND,London,E14 9GE
103.202.54.26/32,GB,GB-LND,London,E14 9GE
103.202.54.27/32,GB,GB-LND,London,E14 9GE
103.202.54.28/32,GB,GB-LND,London,E14 9GE
103.202.54.29/32,GB,GB-LND,London,E14 9GE
103.202.54.30/32,GB,GB-LND,London,E14 9GE
103.202.54.31/32,GB,GB-LND,London,E14 9GE
103.202.54.32/32,GB,GB-LND,London,E14 9GE
103.202.54.33/32,GB,GB-LND,London,E14 9GE
103.202.54.34/32,GB,GB-LND,London,E14 9GE
103.202.54.35/32,GB,GB-LND,London,E14 9GE
103.202.54.36/32,GB,GB-LND,London,E14 9GE
103.202.54.37/32,GB,GB-LND,London,E14 9GE
103.202.54.38/32,GB,GB-LND,London,E14 9GE
103.202.54.39/32,GB,GB-LND,London,E14 9GE
103.202.54.40/32,GB,GB-LND,London,E14 9GE
103.202.54.41/32,GB,GB-LND,London,E14 9GE
103.202.54.42/32,GB,GB-LND,London,E14 9GE
103.202.54.43/32,GB,GB-LND,London,E14 9GE
103.202.54.44/32,GB,GB-LND,London,E14 9GE
103.202.54.45/32,GB,GB-LND,London,E14 9GE
103.202.54.46/32,GB,GB-LND,London,E14 9GE
103.202.54.47/32,GB,GB-LND,London,E14 9GE
103.202.54.48/32,GB,GB-LND,London,E14 9GE
103.202.54.49/32,GB,GB-LND,London,E14 9GE
103.202.54.50/32,GB,GB-LND,London,E14 9GE
103.202.54.51/32,GB,GB-LND,London,E14 9GE
103.202.54.52/32,GB,GB-LND,London,E14 9GE
103.202.54.53/32,GB,GB-LND,London,E14 9GE
103.202.54.54/32,GB,GB-LND,London,E14 9GE
103.202.54.55/32,GB,GB-LND,London,E14 9GE
103.202.54.56/32,GB,GB-LND,London,E14 9GE
103.202.54.57/32,GB,GB-LND,London,E14 9GE
103.202.54.58/32,GB,GB-LND,London,E14 9GE
103.202.54.59/32,GB,GB-LND,London,E14 9GE
103.202.54.60/32,GB,GB-LND,London,E14 9GE
103.202.54.61/32,GB,GB-LND,London,E14 9GE
103.202.54.62/32,GB,GB-LND,London,E14 9GE
103.202.54.63/32,GB,GB-LND,London,E14 9GE
103.202.54.64/32,GB,GB-LND,London,E14 9GE
103.202.54.65/32,GB,GB-LND,London,E14 9GE
103.202.54.66/32,GB,GB-LND,London,E14 9GE
103.202.54.67/32,GB,GB-LND,London,E14 9GE
103.202.54.68/32,GB,GB-LND,London,E14 9GE
103.202.54.69/32,GB,GB-LND,London,E14 9GE
103.202.54.70/32,GB,GB-LND,London,E14 9GE
103.202.54.71/32,GB,GB-LND,London,E14 9GE
103.202.54.72/32,GB,GB-LND,London,E14 9GE
103.202.54.73/32,GB,GB-LND,London,E14 9GE
103.202.54.74/32,GB,GB-LND,London,E14 9GE
103.202.54.75/32,GB,GB-LND,London,E14 9GE
103.202.54.76/32,GB,GB-LND,London,E14 9GE
103.202.54.77/32,GB,GB-LND,London,E14 9GE
103.202.54.78/32,GB,GB-LND,London,E14 9GE
103.202.54.79/32,GB,GB-LND,London,E14 9GE
103.202.54.80/32,GB,GB-LND,London,E14 9GE
103.202.54.81/32,GB,GB-LND,London,E14 9GE
103.202.54.82/32,GB,GB-LND,London,E14 9GE
103.202.54.83/32,GB,GB-LND,London,E14 9GE
103.202.54.84/32,GB,GB-LND,London,E14 9GE
103.202.54.85/32,GB,GB-LND,London,E14 9GE
103.202.54.86/32,GB,GB-LND,London,E14 9GE
103.202.54.87/32,GB,GB-LND,London,E14 9GE
103.202.54.88/32,GB,GB-LND,London,E14 9GE
103.202.54.89/32,GB,GB-LND,London,E14 9GE
103.202.54.90/32,GB,GB-LND,London,E14 9GE
103.202.54.91/32,GB,GB-LND,London,E14 9GE
103.202.54.92/32,GB,GB-LND,London,E14 9GE
103.202.54.93/32,GB,GB-LND,London,E14 9GE
103.202.54.94/32,GB,GB-LND,London,E14 9GE
103.202.54.95/32,GB,GB-LND,London,E14 9GE
103.202.54.96/32,GB,GB-LND,London,E14 9GE
103.202.54.97/32,GB,GB-LND,London,E14 9GE
103.202.54.98/32,GB,GB-LND,London,E14 9GE
103.202.54.99/32,GB,GB-LND,London,E14 9GE
103.202.54.100/32,GB,GB-LND,London,E14 9GE
103.202.54.101/32,GB,GB-LND,London,E14 9GE
103.202.54.102/32,GB,GB-LND,London,E14 9GE
103.202.54.103/32,GB,GB-LND,London,E14 9GE
103.202.54.104/32,GB,GB-LND,London,E14 9GE
103.202.54.105/32,GB,GB-LND,London,E14 9GE
103.202.54.106/32,GB,GB-LND,London,E14 9GE
103.202.54.107/32,GB,GB-LND,London,E14 9GE
103.202.54.108/32,GB,GB-LND,London,E14 9GE
103.202.54.109/32,GB,GB-LND,London,E14 9GE
103.202.54.110/32,GB,GB-LND,London,E14 9GE
103.202.54.111/32,GB,GB-LND,London,E14 9GE
103.202.54.112/32,GB,GB-LND,London,E14 9GE
103.202.54.113/32,GB,GB-LND,London,E14 9GE
103.202.54.114/32,GB,GB-LND,London,E14 9GE
103.202.54.115/32,GB,GB-LND,London,E14 9GE
103.202.54.116/32,GB,GB-LND,London,E14 9GE
103.202.54.117/32,GB,GB-LND,London,E14 9GE
103.202.54.118/32,GB,GB-LND,London,E14 9GE
103.202.54.119/32,GB,GB-LND,London,E14 9GE
103.202.54.120/32,GB,GB-LND,London,E14 9GE
103.202.54.121/32,GB,GB-LND,London,E14 9GE
103.202.54.122/32,GB,GB-LND,London,E14 9GE
103.202.54.123/32,GB,GB-LND,London,E14 9GE
103.202.54.124/32,GB,GB-LND,London,E14 9GE
103.202.54.125/32,GB,GB-LND,London,E14 9GE
103.202.54.126/32,GB,GB-LND,London,E14 9GE
103.202.54.127/32,GB,GB-LND,London,E14 9GE
103.202.54.128/32,GB,GB-LND,London,E14 9GE
103.202.54.129/32,GB,GB-LND,London,E14 9GE
103.202.54.130/32,GB,GB-LND,London,E14 9GE
103.202.54.131/32,GB,GB-LND,London,E14 9GE
103.202.54.132/32,GB,GB-LND,London,E14 9GE
103.202.54.133/32,GB,GB-LND,London,E14 9GE
103.202.54.134/32,GB,GB-LND,London,E14 9GE
103.202.54.135/32,GB,GB-LND,London,E14 9GE
103.202.54.136/32,GB,GB-LND,London,E14 9GE
103.202.54.137/32,GB,GB-LND,London,E14 9GE
103.202.54.138/32,GB,GB-LND,London,E14 9GE
103.202.54.139/32,GB,GB-LND,London,E14 9GE
103.202.54.140/32,GB,GB-LND,London,E14 9GE
103.202.54.141/32,GB,GB-LND,London,E14 9GE
103.202.54.142/32,GB,GB-LND,London,E14 9GE
103.202.54.143/32,GB,GB-LND,London,E14 9GE
103.202.54.144/32,GB,GB-LND,London,E14 9GE
103.202.54.145/32,GB,GB-LND,London,E14 9GE
103.202.54.146/32,GB,GB-LND,London,E14 9GE
103.202.54.147/32,GB,GB-LND,London,E14 9GE
103.202.54.148/32,GB,GB-LND,London,E14 9GE
103.202.54.149/32,GB,GB-LND,London,E14 9GE
103.202.54.150/32,GB,GB-LND,London,E14 9GE
103.202.54.151/32,GB,GB-LND,London,E14 9GE
103.202.54.152/32,GB,GB-LND,London,E14 9GE
103.202.54.153/32,GB,GB-LND,London,E14 9GE
103.202.54.154/32,GB,GB-LND,London,E14 9GE
103.202.54.155/32,GB,GB-LND,London,E14 9GE
103.202.54.156/32,GB,GB-LND,London,E14 9GE
103.202.54.157/32,GB,GB-LND,London,E14 9GE
103.202.54.158/32,GB,GB-LND,London,E14 9GE
103.202.54.159/32,GB,GB-LND,London,E14 9GE
103.202.54.160/32,GB,GB-LND,London,E14 9GE
103.202.54.161/32,GB,GB-LND,London,E14 9GE
103.202.54.162/32,GB,GB-LND,London,E14 9GE
103.202.54.163/32,GB,GB-LND,London,E14 9GE
103.202.54.164/32,GB,GB-LND,London,E14 9GE
103.202.54.165/32,GB,GB-LND,London,E14 9GE
103.202.54.166/32,GB,GB-LND,London,E14 9GE
103.202.54.167/32,GB,GB-LND,London,E14 9GE
103.202.54.168/32,GB,GB-LND,London,E14 9GE
103.202.54.169/32,GB,GB-LND,London,E14 9GE
103.202.54.170/32,GB,GB-LND,London,E14 9GE
103.202.54.171/32,GB,GB-LND,London,E14 9GE
103.202.54.172/32,GB,GB-LND,London,E14 9GE
103.202.54.173/32,GB,GB-LND,London,E14 9GE
103.202.54.174/32,GB,GB-LND,London,E14 9GE
103.202.54.175/32,GB,GB-LND,London,E14 9GE
103.202.54.176/32,GB,GB-LND,London,E14 9GE
103.202.54.177/32,GB,GB-LND,London,E14 9GE
103.202.54.178/32,GB,GB-LND,London,E14 9GE
103.202.54.179/32,GB,GB-LND,London,E14 9GE
103.202.54.180/32,GB,GB-LND,London,E14 9GE
103.202.54.181/32,GB,GB-LND,London,E14 9GE
103.202.54.182/32,GB,GB-LND,London,E14 9GE
103.202.54.183/32,GB,GB-LND,London,E14 9GE
103.202.54.184/32,GB,GB-LND,London,E14 9GE
103.202.54.185/32,GB,GB-LND,London,E14 9GE
103.202.54.186/32,GB,GB-LND,London,E14 9GE
103.202.54.187/32,GB,GB-LND,London,E14 9GE
103.202.54.188/32,GB,GB-LND,London,E14 9GE
103.202.54.189/32,GB,GB-LND,London,E14 9GE
103.202.54.190/32,GB,GB-LND,London,E14 9GE
103.202.54.191/32,GB,GB-LND,London,E14 9GE
103.202.54.192/32,GB,GB-LND,London,E14 9GE
103.202.54.193/32,GB,GB-LND,London,E14 9GE
103.202.54.194/32,GB,GB-LND,London,E14 9GE
103.202.54.195/32,GB,GB-LND,London,E14 9GE
103.202.54.196/32,GB,GB-LND,London,E14 9GE
103.202.54.197/32,GB,GB-LND,London,E14 9GE
103.202.54.198/32,GB,GB-LND,London,E14 9GE
103.202.54.199/32,GB,GB-LND,London,E14 9GE
103.202.54.200/32,GB,GB-LND,London,E14 9GE
103.202.54.201/32,GB,GB-LND,London,E14 9GE
103.202.54.202/32,GB,GB-LND,London,E14 9GE
103.202.54.203/32,GB,GB-LND,London,E14 9GE
103.202.54.204/32,GB,GB-LND,London,E14 9GE
103.202.54.205/32,GB,GB-LND,London,E14 9GE
103.202.54.206/32,GB,GB-LND,London,E14 9GE
103.202.54.207/32,GB,GB-LND,London,E14 9GE
103.202.54.208/32,GB,GB-LND,London,E14 9GE
103.202.54.209/32,GB,GB-LND,London,E14 9GE
103.202.54.210/32,GB,GB-LND,London,E14 9GE
103.202.54.211/32,GB,GB-LND,London,E14 9GE
103.202.54.212/32,GB,GB-LND,London,E14 9GE
103.202.54.213/32,GB,GB-LND,London,E14 9GE
103.202.54.214/32,GB,GB-LND,London,E14 9GE
103.202.54.215/32,GB,GB-LND,London,E14 9GE
103.202.54.216/32,GB,GB-LND,London,E14 9GE
103.202.54.217/32,GB,GB-LND,London,E14 9GE
103.202.54.218/32,GB,GB-LND,London,E14 9GE
103.202.54.219/32,GB,GB-LND,London,E14 9GE
103.202.54.220/32,GB,GB-LND,London,E14 9GE
103.202.54.221/32,GB,GB-LND,London,E14 9GE
103.202.54.222/32,GB,GB-LND,London,E14 9GE
103.202.54.223/32,GB,GB-LND,London,E14 9GE
103.202.54.224/32,GB,GB-LND,London,E14 9GE
103.202.54.225/32,GB,GB-LND,London,E14 9GE
103.202.54.226/32,GB,GB-LND,London,E14 9GE
103.202.54.227/32,GB,GB-LND,London,E14 9GE
103.202.54.228/32,GB,GB-LND,London,E14 9GE
103.202.54.229/32,GB,GB-LND,London,E14 9GE
103.202.54.230/32,GB,GB-LND,London,E14 9GE
103.202.54.231/32,GB,GB-LND,London,E14 9GE
103.202.54.232/32,GB,GB-LND,London,E14 9GE
103.202.54.233/32,GB,GB-LND,London,E14 9GE
103.202.54.234/32,GB,GB-LND,London,E14 9GE
103.202.54.235/32,GB,GB-LND,London,E14 9GE
103.202.54.236/32,GB,GB-LND,London,E14 9GE
103.202.54.237/32,GB,GB-LND,London,E14 9GE
103.202.54.238/32,GB,GB-LND,London,E14 9GE
103.202.54.239/32,GB,GB-LND,London,E14 9GE
103.202.54.240/32,GB,GB-LND,London,E14 9GE
103.202.54.241/32,GB,GB-LND,London,E14 9GE
103.202.54.242/32,GB,GB-LND,London,E14 9GE
103.202.54.243/32,GB,GB-LND,London,E14 9GE
103.202.54.244/32,GB,GB-LND,London,E14 9GE
103.202.54.245/32,GB,GB-LND,London,E14 9GE
103.202.54.246/32,GB,GB-LND,London,E14 9GE
103.202.54.247/32,GB,GB-LND,London,E14 9GE
103.202.54.248/32,GB,GB-LND,London,E14 9GE
103.202.54.249/32,GB,GB-LND,London,E14 9GE
103.202.54.250/32,GB,GB-LND,London,E14 9GE
103.202.54.251/32,GB,GB-LND,London,E14 9GE
103.202.54.252/32,GB,GB-LND,London,E14 9GE
103.202.54.253/32,GB,GB-LND,London,E14 9GE
103.202.54.254/32,GB,GB-LND,London,E14 9GE
103.202.54.255/32,GB,GB-LND,London,E14 9GE
103.202.55.0/32,NL,NL-NH,Amsterdam,1105 AT
103.202.55.1/32,NL,NL-NH,Amsterdam,1105 AT
103.202.55.2/32,NL,NL-NH,Amsterdam,1105 AT
103.202.55.3/32,NL,NL-NH,Amsterdam,1105 AT
103.202.55.4/32,NL,NL-NH,Amsterdam,1105 AT
103.202.55.5/32,NL,NL-NH,Amsterdam,1105 AT
103.202.55.6/32,NL,NL-NH,Amsterdam,1105 AT
103.202.55.7/32,NL,NL-NH,Amsterdam,1105 AT
103.202.55.8/32,NL,NL-NH,Amsterdam,1105 AT
103.202.55.9/32,NL,NL-NH,Amsterdam,1105 AT
103.202.55.10/32,NL,NL-NH,Amsterdam,1105 AT
103.202.55.11/32,NL,NL-NH,Amsterdam,1105 AT
103.202.55.12/32,NL,NL-NH,Amsterdam,1105 AT
103.202.55.13/32,NL,NL-NH,Amsterdam,1105 AT
103.202.55.14/32,NL,NL-NH,Amsterdam,1105 AT
103.202.55.15/32,NL,NL-NH,Amsterdam,1105 AT
103.202.55.16/32,NL,NL-NH,Amsterdam,1105 AT
103.202.55.17/32,NL,NL-NH,Amsterdam,1105 AT
103.202.55.18/32,NL,NL-NH,Amsterdam,1105 AT
103.202.55.19/32,NL,NL-NH,Amsterdam,1105 AT
103.202.55.20/32,NL,NL-NH,Amsterdam,1105 AT
103.202.55.21/32,NL,NL-NH,Amsterdam,1105 AT
103.202.55.22/32,NL,NL-NH,Amsterdam,1105 AT
103.202.55.23/32,NL,NL-NH,Amsterdam,1105 AT
103.202.55.24/32,NL,NL-NH,Amsterdam,1105 AT
103.202.55.25/32,NL,NL-NH,Amsterdam,1105 AT
103.202.55.26/32,NL,NL-NH,Amsterdam,1105 AT
103.202.55.27/32,NL,NL-NH,Amsterdam,1105 AT
103.202.55.28/32,NL,NL-NH,Amsterdam,1105 AT
103.202.55.29/32,NL,NL-NH,Amsterdam,1105 AT
103.202.55.30/32,NL,NL-NH,Amsterdam,1105 AT
103.202.55.31/32,NL,NL-NH,Amsterdam,1105 AT
103.202.55.32/32,NL,NL-NH,Amsterdam,1105 AT
103.202.55.33/32,NL,NL-NH,Amsterdam,1105 AT
103.202.55.34/32,NL,NL-NH,Amsterdam,1105 AT
103.202.55.35/32,NL,NL-NH,Amsterdam,1105 AT
103.202.55.36/32,NL,NL-NH,Amsterdam,1105 AT
103.202.55.37/32,NL,NL-NH,Amsterdam,1105 AT
103.202.55.38/32,NL,NL-NH,Amsterdam,1105 AT
103.202.55.39/32,NL,NL-NH,Amsterdam,1105 AT
103.202.55.40/32,NL,NL-NH,Amsterdam,1105 AT
103.202.55.41/32,NL,NL-NH,Amsterdam,1105 AT
103.202.55.42/32,NL,NL-NH,Amsterdam,1105 AT
103.202.55.43/32,NL,NL-NH,Amsterdam,1105 AT
103.202.55.44/32,NL,NL-NH,Amsterdam,1105 AT
103.202.55.45/32,NL,NL-NH,Amsterdam,1105 AT
103.202.55.46/32,NL,NL-NH,Amsterdam,1105 AT
103.202.55.47/32,NL,NL-NH,Amsterdam,1105 AT
103.202.55.48/32,NL,NL-NH,Amsterdam,1105 AT
103.202.55.49/32,NL,NL-NH,Amsterdam,1105 AT
103.202.55.50/32,NL,NL-NH,Amsterdam,1105 AT
103.202.55.51/32,NL,NL-NH,Amsterdam,1105 AT
103.202.55.52/32,NL,NL-NH,Amsterdam,1105 AT
103.202.55.53/32,NL,NL-NH,Amsterdam,1105 AT
103.202.55.54/32,NL,NL-NH,Amsterdam,1105 AT
103.202.55.55/32,NL,NL-NH,Amsterdam,1105 AT
103.202.55.56/32,NL,NL-NH,Amsterdam,1105 AT
103.202.55.57/32,NL,NL-NH,Amsterdam,1105 AT
103.202.55.58/32,NL,NL-NH,Amsterdam,1105 AT
103.202.55.59/32,NL,NL-NH,Amsterdam,1105 AT
103.202.55.60/32,NL,NL-NH,Amsterdam,1105 AT
103.202.55.61/32,NL,NL-NH,Amsterdam,1105 AT
103.202.55.62/32,NL,NL-NH,Amsterdam,1105 AT
103.202.55.63/32,NL,NL-NH,Amsterdam,1105 AT
103.202.55.64/32,NL,NL-NH,Amsterdam,1105 AT
103.202.55.65/32,NL,NL-NH,Amsterdam,1105 AT
103.202.55.66/32,NL,NL-NH,Amsterdam,1105 AT
103.202.55.67/32,NL,NL-NH,Amsterdam,1105 AT
103.202.55.68/32,NL,NL-NH,Amsterdam,1105 AT
103.202.55.69/32,NL,NL-NH,Amsterdam,1105 AT
103.202.55.70/32,NL,NL-NH,Amsterdam,1105 AT
103.202.55.71/32,NL,NL-NH,Amsterdam,1105 AT
103.202.55.72/32,NL,NL-NH,Amsterdam,1105 AT
103.202.55.73/32,NL,NL-NH,Amsterdam,1105 AT
103.202.55.74/32,NL,NL-NH,Amsterdam,1105 AT
103.202.55.75/32,NL,NL-NH,Amsterdam,1105 AT
103.202.55.76/32,NL,NL-NH,Amsterdam,1105 AT
103.202.55.77/32,NL,NL-NH,Amsterdam,1105 AT
103.202.55.78/32,NL,NL-NH,Amsterdam,1105 AT
103.202.55.79/32,NL,NL-NH,Amsterdam,1105 AT
103.202.55.80/32,NL,NL-NH,Amsterdam,1105 AT
103.202.55.81/32,NL,NL-NH,Amsterdam,1105 AT
103.202.55.82/32,NL,NL-NH,Amsterdam,1105 AT
103.202.55.83/32,NL,NL-NH,Amsterdam,1105 AT
103.202.55.84/32,NL,NL-NH,Amsterdam,1105 AT
103.202.55.85/32,NL,NL-NH,Amsterdam,1105 AT
103.202.55.86/32,NL,NL-NH,Amsterdam,1105 AT
103.202.55.87/32,NL,NL-NH,Amsterdam,1105 AT
103.202.55.88/32,NL,NL-NH,Amsterdam,1105 AT
103.202.55.89/32,NL,NL-NH,Amsterdam,1105 AT
103.202.55.90/32,NL,NL-NH,Amsterdam,1105 AT
103.202.55.91/32,NL,NL-NH,Amsterdam,1105 AT
103.202.55.92/32,NL,NL-NH,Amsterdam,1105 AT
103.202.55.93/32,NL,NL-NH,Amsterdam,1105 AT
103.202.55.94/32,NL,NL-NH,Amsterdam,1105 AT
103.202.55.95/32,NL,NL-NH,Amsterdam,1105 AT
103.202.55.96/32,NL,NL-NH,Amsterdam,1105 AT
103.202.55.97/32,NL,NL-NH,Amsterdam,1105 AT
103.202.55.98/32,NL,NL-NH,Amsterdam,1105 AT
103.202.55.99/32,NL,NL-NH,Amsterdam,1105 AT
103.202.55.100/32,NL,NL-NH,Amsterdam,1105 AT
103.202.55.101/32,NL,NL-NH,Amsterdam,1105 AT
103.202.55.102/32,NL,NL-NH,Amsterdam,1105 AT
103.202.55.103/32,NL,NL-NH,Amsterdam,1105 AT
103.202.55.104/32,NL,NL-NH,Amsterdam,1105 AT
103.202.55.105/32,NL,NL-NH,Amsterdam,1105 AT
103.202.55.106/32,NL,NL-NH,Amsterdam,1105 AT
103.202.55.107/32,NL,NL-NH,Amsterdam,1105 AT
103.202.55.108/32,NL,NL-NH,Amsterdam,1105 AT
103.202.55.109/32,NL,NL-NH,Amsterdam,1105 AT
103.202.55.110/32,NL,NL-NH,Amsterdam,1105 AT
103.202.55.111/32,NL,NL-NH,Amsterdam,1105 AT
103.202.55.112/32,NL,NL-NH,Amsterdam,1105 AT
103.202.55.113/32,NL,NL-NH,Amsterdam,1105 AT
103.202.55.114/32,NL,NL-NH,Amsterdam,1105 AT
103.202.55.115/32,NL,NL-NH,Amsterdam,1105 AT
103.202.55.116/32,NL,NL-NH,Amsterdam,1105 AT
103.202.55.117/32,NL,NL-NH,Amsterdam,1105 AT
103.202.55.118/32,NL,NL-NH,Amsterdam,1105 AT
103.202.55.119/32,NL,NL-NH,Amsterdam,1105 AT
103.202.55.120/32,NL,NL-NH,Amsterdam,1105 AT
103.202.55.121/32,NL,NL-NH,Amsterdam,1105 AT
103.202.55.122/32,NL,NL-NH,Amsterdam,1105 AT
103.202.55.123/32,NL,NL-NH,Amsterdam,1105 AT
103.202.55.124/32,NL,NL-NH,Amsterdam,1105 AT
103.202.55.125/32,NL,NL-NH,Amsterdam,1105 AT
103.202.55.126/32,NL,NL-NH,Amsterdam,1105 AT
103.202.55.127/32,NL,NL-NH,Amsterdam,1105 AT
103.202.55.128/32,NL,NL-NH,Amsterdam,1105 AT
103.202.55.129/32,NL,NL-NH,Amsterdam,1105 AT
103.202.55.130/32,NL,NL-NH,Amsterdam,1105 AT
103.202.55.131/32,NL,NL-NH,Amsterdam,1105 AT
103.202.55.132/32,NL,NL-NH,Amsterdam,1105 AT
103.202.55.133/32,NL,NL-NH,Amsterdam,1105 AT
103.202.55.134/32,NL,NL-NH,Amsterdam,1105 AT
103.202.55.135/32,NL,NL-NH,Amsterdam,1105 AT
103.202.55.136/32,NL,NL-NH,Amsterdam,1105 AT
103.202.55.137/32,NL,NL-NH,Amsterdam,1105 AT
103.202.55.138/32,NL,NL-NH,Amsterdam,1105 AT
103.202.55.139/32,NL,NL-NH,Amsterdam,1105 AT
103.202.55.140/32,NL,NL-NH,Amsterdam,1105 AT
103.202.55.141/32,NL,NL-NH,Amsterdam,1105 AT
103.202.55.142/32,NL,NL-NH,Amsterdam,1105 AT
103.202.55.143/32,NL,NL-NH,Amsterdam,1105 AT
103.202.55.144/32,NL,NL-NH,Amsterdam,1105 AT
103.202.55.145/32,NL,NL-NH,Amsterdam,1105 AT
103.202.55.146/32,NL,NL-NH,Amsterdam,1105 AT
103.202.55.147/32,NL,NL-NH,Amsterdam,1105 AT
103.202.55.148/32,NL,NL-NH,Amsterdam,1105 AT
103.202.55.149/32,NL,NL-NH,Amsterdam,1105 AT
103.202.55.150/32,NL,NL-NH,Amsterdam,1105 AT
103.202.55.151/32,NL,NL-NH,Amsterdam,1105 AT
103.202.55.152/32,NL,NL-NH,Amsterdam,1105 AT
103.202.55.153/32,NL,NL-NH,Amsterdam,1105 AT
103.202.55.154/32,NL,NL-NH,Amsterdam,1105 AT
103.202.55.155/32,NL,NL-NH,Amsterdam,1105 AT
103.202.55.156/32,NL,NL-NH,Amsterdam,1105 AT
103.202.55.157/32,NL,NL-NH,Amsterdam,1105 AT
103.202.55.158/32,NL,NL-NH,Amsterdam,1105 AT
103.202.55.159/32,NL,NL-NH,Amsterdam,1105 AT
103.202.55.160/32,NL,NL-NH,Amsterdam,1105 AT
103.202.55.161/32,NL,NL-NH,Amsterdam,1105 AT
103.202.55.162/32,NL,NL-NH,Amsterdam,1105 AT
103.202.55.163/32,NL,NL-NH,Amsterdam,1105 AT
103.202.55.164/32,NL,NL-NH,Amsterdam,1105 AT
103.202.55.165/32,NL,NL-NH,Amsterdam,1105 AT
103.202.55.166/32,NL,NL-NH,Amsterdam,1105 AT
103.202.55.167/32,NL,NL-NH,Amsterdam,1105 AT
103.202.55.168/32,NL,NL-NH,Amsterdam,1105 AT
103.202.55.169/32,NL,NL-NH,Amsterdam,1105 AT
103.202.55.170/32,NL,NL-NH,Amsterdam,1105 AT
103.202.55.171/32,NL,NL-NH,Amsterdam,1105 AT
103.202.55.172/32,NL,NL-NH,Amsterdam,1105 AT
103.202.55.173/32,NL,NL-NH,Amsterdam,1105 AT
103.202.55.174/32,NL,NL-NH,Amsterdam,1105 AT
103.202.55.175/32,NL,NL-NH,Amsterdam,1105 AT
103.202.55.176/32,NL,NL-NH,Amsterdam,1105 AT
103.202.55.177/32,NL,NL-NH,Amsterdam,1105 AT
103.202.55.178/32,NL,NL-NH,Amsterdam,1105 AT
103.202.55.179/32,NL,NL-NH,Amsterdam,1105 AT
103.202.55.180/32,NL,NL-NH,Amsterdam,1105 AT
103.202.55.181/32,NL,NL-NH,Amsterdam,1105 AT
103.202.55.182/32,NL,NL-NH,Amsterdam,1105 AT
103.202.55.183/32,NL,NL-NH,Amsterdam,1105 AT
103.202.55.184/32,NL,NL-NH,Amsterdam,1105 AT
103.202.55.185/32,NL,NL-NH,Amsterdam,1105 AT
103.202.55.186/32,NL,NL-NH,Amsterdam,1105 AT
103.202.55.187/32,NL,NL-NH,Amsterdam,1105 AT
103.202.55.188/32,NL,NL-NH,Amsterdam,1105 AT
103.202.55.189/32,NL,NL-NH,Amsterdam,1105 AT
103.202.55.190/32,NL,NL-NH,Amsterdam,1105 AT
103.202.55.191/32,NL,NL-NH,Amsterdam,1105 AT
103.202.55.192/32,NL,NL-NH,Amsterdam,1105 AT
103.202.55.193/32,NL,NL-NH,Amsterdam,1105 AT
103.202.55.194/32,NL,NL-NH,Amsterdam,1105 AT
103.202.55.195/32,NL,NL-NH,Amsterdam,1105 AT
103.202.55.196/32,NL,NL-NH,Amsterdam,1105 AT
103.202.55.197/32,NL,NL-NH,Amsterdam,1105 AT
103.202.55.198/32,NL,NL-NH,Amsterdam,1105 AT
103.202.55.199/32,NL,NL-NH,Amsterdam,1105 AT
103.202.55.200/32,NL,NL-NH,Amsterdam,1105 AT
103.202.55.201/32,NL,NL-NH,Amsterdam,1105 AT
103.202.55.202/32,NL,NL-NH,Amsterdam,1105 AT
103.202.55.203/32,NL,NL-NH,Amsterdam,1105 AT
103.202.55.204/32,NL,NL-NH,Amsterdam,1105 AT
103.202.55.205/32,NL,NL-NH,Amsterdam,1105 AT
103.202.55.206/32,NL,NL-NH,Amsterdam,1105 AT
103.202.55.207/32,NL,NL-NH,Amsterdam,1105 AT
103.202.55.208/32,NL,NL-NH,Amsterdam,1105 AT
103.202.55.209/32,NL,NL-NH,Amsterdam,1105 AT
103.202.55.210/32,NL,NL-NH,Amsterdam,1105 AT
103.202.55.211/32,NL,NL-NH,Amsterdam,1105 AT
103.202.55.212/32,NL,NL-NH,Amsterdam,1105 AT
103.202.55.213/32,NL,NL-NH,Amsterdam,1105 AT
103.202.55.214/32,NL,NL-NH,Amsterdam,1105 AT
103.202.55.215/32,NL,NL-NH,Amsterdam,1105 AT
103.202.55.216/32,NL,NL-NH,Amsterdam,1105 AT
103.202.55.217/32,NL,NL-NH,Amsterdam,1105 AT
103.202.55.218/32,NL,NL-NH,Amsterdam,1105 AT
103.202.55.219/32,NL,NL-NH,Amsterdam,1105 AT
103.202.55.220/32,NL,NL-NH,Amsterdam,1105 AT
103.202.55.221/32,NL,NL-NH,Amsterdam,1105 AT
103.202.55.222/32,NL,NL-NH,Amsterdam,1105 AT
103.202.55.223/32,NL,NL-NH,Amsterdam,1105 AT
103.202.55.224/32,NL,NL-NH,Amsterdam,1105 AT
103.202.55.225/32,NL,NL-NH,Amsterdam,1105 AT
103.202.55.226/32,NL,NL-NH,Amsterdam,1105 AT
103.202.55.227/32,NL,NL-NH,Amsterdam,1105 AT
103.202.55.228/32,NL,NL-NH,Amsterdam,1105 AT
103.202.55.229/32,NL,NL-NH,Amsterdam,1105 AT
103.202.55.230/32,NL,NL-NH,Amsterdam,1105 AT
103.202.55.231/32,NL,NL-NH,Amsterdam,1105 AT
103.202.55.232/32,NL,NL-NH,Amsterdam,1105 AT
103.202.55.233/32,NL,NL-NH,Amsterdam,1105 AT
103.202.55.234/32,NL,NL-NH,Amsterdam,1105 AT
103.202.55.235/32,NL,NL-NH,Amsterdam,1105 AT
103.202.55.236/32,NL,NL-NH,Amsterdam,1105 AT
103.202.55.237/32,NL,NL-NH,Amsterdam,1105 AT
103.202.55.238/32,NL,NL-NH,Amsterdam,1105 AT
103.202.55.239/32,NL,NL-NH,Amsterdam,1105 AT
103.202.55.240/32,NL,NL-NH,Amsterdam,1105 AT
103.202.55.241/32,NL,NL-NH,Amsterdam,1105 AT
103.202.55.242/32,NL,NL-NH,Amsterdam,1105 AT
103.202.55.243/32,NL,NL-NH,Amsterdam,1105 AT
103.202.55.244/32,NL,NL-NH,Amsterdam,1105 AT
103.202.55.245/32,NL,NL-NH,Amsterdam,1105 AT
103.202.55.246/32,NL,NL-NH,Amsterdam,1105 AT
103.202.55.247/32,NL,NL-NH,Amsterdam,1105 AT
103.202.55.248/32,NL,NL-NH,Amsterdam,1105 AT
103.202.55.249/32,NL,NL-NH,Amsterdam,1105 AT
103.202.55.250/32,NL,NL-NH,Amsterdam,1105 AT
103.202.55.251/32,NL,NL-NH,Amsterdam,1105 AT
103.202.55.252/32,NL,NL-NH,Amsterdam,1105 AT
103.202.55.253/32,NL,NL-NH,Amsterdam,1105 AT
103.202.55.254/32,NL,NL-NH,Amsterdam,1105 AT
103.202.55.255/32,NL,NL-NH,Amsterdam,1105 AT
31.216.59.0/24,US,US-CA,Los Angeles,90012
45.87.61.0/24,US,US-CA,Los Angeles,90012
64.112.85.0/24,US,US-CA,Los Angeles,90012
194.49.68.0/24,US,US-CA,Los Angeles,90012
130.51.42.0/24,US,US-CA,Los Angeles,90012
38.255.42.0/24,US,US-CA,Los Angeles,90012
38.255.43.0/24,US,US-CA,Los Angeles,90012
38.255.34.0/24,US,US-CA,Los Angeles,90012
38.255.35.0/24,US,US-CA,Los Angeles,90012
103.104.250.0/24,US,US-TX,Dallas,75247
5.252.166.0/24,US,US-TX,Dallas,75247
103.28.70.0/24,US,US-TX,Dallas,75247
45.87.62.0/24,US,US-TX,Dallas,75247
38.255.32.0/24,US,US-TX,Dallas,75207
38.255.33.0/24,US,US-TX,Dallas,75207
38.255.54.0/24,US,US-TX,Dallas,75207
38.255.55.0/24,US,US-TX,Dallas,75207
170.39.184.0/24,US,US-VA,Ashburn,20147
104.224.31.0/24,US,US-VA,Ashburn,20147
45.87.63.0/24,US,US-VA,Ashburn,20147
45.143.144.0/24,US,US-VA,Ashburn,20147
103.27.76.0/24,US,US-VA,Ashburn,20147
103.27.77.0/24,US,US-VA,Ashburn,20147
170.39.186.0/24,US,US-VA,Ashburn,20147
170.39.187.0/24,US,US-VA,Ashburn,20147
104.224.29.0/24,US,US-VA,Ashburn,20147
104.224.30.0/24,US,US-VA,Ashburn,20147
185.162.74.0/24,US,US-VA,Ashburn,20147
64.112.87.0/24,US,US-VA,Ashburn,20147
64.112.86.0/24,US,US-VA,Ashburn,20147
103.104.248.0/24,US,US-VA,Ashburn,20147
144.172.72.0/24,US,US-VA,Ashburn,20147
130.51.41.0/24,US,US-VA,Ashburn,20147
130.51.40.0/24,US,US-VA,Ashburn,20147
161.129.44.0/24,US,US-VA,Ashburn,20147
167.94.7.0/24,US,US-VA,Ashburn,20147
167.94.158.0/24,US,US-VA,Ashburn,20147
161.129.33.0/24,US,US-VA,Ashburn,20147
161.129.40.0/24,US,US-VA,Ashburn,20147
161.129.47.0/24,US,US-VA,Ashburn,20147
161.129.36.0/24,US,US-VA,Ashburn,20147
161.129.37.0/24,US,US-VA,Ashburn,20147
161.129.38.0/24,US,US-VA,Ashburn,20147
66.118.237.0/24,US,US-VA,Ashburn,20147
104.249.130.0/24,US,US-VA,Ashburn,20147
185.162.75.0/24,US,US-VA,Ashburn,20147
45.61.171.0/24,US,US-VA,Ashburn,20147
45.143.146.0/24,US,US-VA,Ashburn,20147
170.39.185.0/24,US,US-VA,Ashburn,20147
194.49.79.0/24,US,US-VA,Ashburn,20147
38.255.36.0/24,US,US-VA,Ashburn,20147
38.255.37.0/24,US,US-VA,Ashburn,20147
38.255.38.0/24,US,US-VA,Ashburn,20147
38.255.51.0/24,US,US-VA,Ashburn,20147
38.255.52.0/24,US,US-VA,Ashburn,20147
38.255.63.0/24,US,US-VA,Ashburn,20147
103.104.249.0/24,US,US-NJ,Secaucus,07094
104.224.28.0/24,US,US-NJ,Secaucus,07094
194.49.69.0/24,US,US-NJ,Secaucus,07094
45.61.168.0/24,US,US-NJ,Secaucus,07094
45.61.175.0/24,US,US-NJ,Secaucus,07094
167.94.81.0/24,US,US-NJ,Secaucus,07094
128.254.193.0/24,US,US-NJ,Secaucus,07094
128.254.194.0/24,US,US-NJ,Secaucus,07094
128.254.195.0/24,US,US-NJ,Secaucus,07094
45.143.145.0/24,US,US-NJ,Secaucus,07094
66.118.239.0/24,US,US-NJ,Secaucus,07094
104.249.131.0/24,US,US-NJ,Secaucus,07094
38.255.39.0/24,US,US-NJ,Secaucus,07094
38.255.40.0/24,US,US-NJ,Secaucus,07094
38.255.41.0/24,US,US-NJ,Secaucus,07094
38.255.53.0/24,US,US-NJ,Secaucus,07094
38.255.56.0/24,US,US-NJ,Secaucus,07094
38.255.57.0/24,US,US-NJ,Secaucus,07094
103.104.251.0/24,NL,NL-NH,Amsterdam,1105 AT
185.147.34.0/24,NL,NL-NH,Amsterdam,1105 AT
89.37.99.0/24,NL,NL-NH,Amsterdam,1105 AT
5.252.165.0/24,NL,NL-NH,Amsterdam,1105 AT
38.255.49.0/24,NL,NL-NH,Amsterdam,1105 AT
38.255.50.0/24,NL,NL-NH,Amsterdam,1105 AT
38.255.61.0/24,NL,NL-NH,Amsterdam,1105 AT
89.37.100.0/24,US,US-FL,Miami,33132
167.94.47.0/24,US,US-FL,Miami,33132
128.254.192.0/24,US,US-FL,Miami,33132
104.249.128.0/24,US,US-FL,Miami,33132
64.112.84.0/24,US,US-FL,Miami,33132
38.255.44.0/24,US,US-FL,Miami,33132
38.255.45.0/24,US,US-FL,Miami,33132
89.36.230.0/24,GB,GB-LND,London,E14 9GE
89.35.48.0/24,GB,GB-LND,London,E14 9GE
217.146.81.0/24,GB,GB-LND,London,E14 9GE
185.16.204.0/24,GB,GB-LND,London,E14 9GE
217.146.88.0/24,GB,GB-LND,London,E14 9GE
5.226.138.0/24,GB,GB-LND,London,E14 9GE
45.87.60.0/24,GB,GB-LND,London,E14 9GE
45.143.147.0/24,GB,GB-LND,London,E14 9GE
194.49.78.0/24,GB,GB-LND,London,E14 9GE
45.130.152.0/24,GB,GB-LND,London,E14 9GE
45.130.153.0/24,GB,GB-LND,London,E14 9GE
188.210.236.0/24,GB,GB-LND,London,E14 9GE
5.252.167.0/24,GB,GB-LND,London,E14 9GE
45.130.154.0/24,GB,GB-LND,London,E14 9GE
45.130.155.0/24,GB,GB-LND,London,E14 9GE
89.46.43.0/24,GB,GB-LND,London,E14 9GE
38.255.46.0/24,GB,GB-LND,London,E14 9GE
38.255.47.0/24,GB,GB-LND,London,E14 9GE
38.255.48.0/24,GB,GB-LND,London,E14 9GE
38.255.58.0/24,GB,GB-LND,London,E14 9GE
38.255.59.0/24,GB,GB-LND,London,E14 9GE
38.255.60.0/24,GB,GB-LND,London,E14 9GE
38.255.62.0/24,GB,GB-LND,London,E14 9GE
103.96.80.0/24,HK,,Hong Kong,
103.131.130.0/24,HK,,Hong Kong,
103.96.81.0/24,JP,JP-13,Tokyo,140-0002
103.131.131.0/24,JP,JP-13,Tokyo,140-0002
103.96.82.0/24,AU,,Sydney,NSW 2015
103.96.83.0/24,AU,,Sydney,NSW 2015